,,Profit & Loss Statement (Currency: USD),,,,,,,,,,,,,,,,,,,,,,,,,,,,,,,,,,,,,,,,,,,,,,,,,,,,
,,,,,,,,,,,,,,,,,,,,,,,,,,,,,,,,,,,,,,,,,,,,,,,,,,,,,,
NOTES,,Jan-22,Feb-22,Mar-22,Apr-22,May-22,Jun-22,Jul-22,Aug-22,Sep-22,Oct-22,Nov-22,Dec-22,Jan-23,Feb-23,Mar-23,Apr-23,May-23,Jun-23,Jul-23,Aug-23,Sep-23,Oct-23,Nov-23,Dec-23,Jan-24,Feb-24,Mar-24,Apr-24,May-24,Jun-24,Jul-24,Aug-24,Sep-24,Oct-24,Nov-24,Dec-24,Jan-25,Feb-25,Mar-25,Apr-25,May-25,Jun-25,Jul-25,Aug-25,Sep-25,Oct-25,Nov-25,Dec-25,,2022 Totals,2023 Totals,2024 Totals,2025 Totals
,,,,,,,,,,,,,,,,,,,,,,,,,,,,,,,,,,,,,,,,,,,,,,,,,,,,,,
,,,,,,,,,,,,,,,,,,,,,,,,,,,,,,,,,,,,,,,,,,,,,,,,,,,,,,
"List each income stream separately and change field description as appropriate. Any sales price discounts go under the ""Discount"" section as a negative amount",Revenue,,,,,,,,,,,,,,,,,,,,,,,,,,,,,,,,,,,,,,,,,,,,,,,,,,,,,
,Gross Sales, $ -   , $ -   , $ -   , $ -   , $ -   , $ -   , $ -   , $ -   , $ -   , $ -   , $ -   , $ -   , $ -   , $ -   , $ -   , $ -   , $ -   , $ -   , $ -   , $ -   , $ -   , $ -   , $ -   , $ -   , $ -   , $ -   , $ -   , $ -   , $ -   , $ -   , $ -   , $ -   , $ -   , $ -   , $ -   , $ -   , $ -   , $ -   , $ -   , $ -   , $ -   , $ -   , $ -   , $ -   , $ -   , $ -   , $ -   , $ -   ,, $ -   , $ -   , $ -   , $ -   
,Discounts, $ -   , $ -   , $ -   , $ -   , $ -   , $ -   , $ -   , $ -   , $ -   , $ -   , $ -   , $ -   , $ -   , $ -   , $ -   , $ -   , $ -   , $ -   , $ -   , $ -   , $ -   , $ -   , $ -   , $ -   , $ -   , $ -   , $ -   , $ -   , $ -   , $ -   , $ -   , $ -   , $ -   , $ -   , $ -   , $ -   , $ -   , $ -   , $ -   , $ -   , $ -   , $ -   , $ -   , $ -   , $ -   , $ -   , $ -   , $ -   ,, $ -   , $ -   , $ -   , $ -   
,Returns, $ -   , $ -   , $ -   , $ -   , $ -   , $ -   , $ -   , $ -   , $ -   , $ -   , $ -   , $ -   , $ -   , $ -   , $ -   , $ -   , $ -   , $ -   , $ -   , $ -   , $ -   , $ -   , $ -   , $ -   , $ -   , $ -   , $ -   , $ -   , $ -   , $ -   , $ -   , $ -   , $ -   , $ -   , $ -   , $ -   , $ -   , $ -   , $ -   , $ -   , $ -   , $ -   , $ -   , $ -   , $ -   , $ -   , $ -   , $ -   ,, $ -   , $ -   , $ -   , $ -   
,Shipping (Credits charged to Customers), $ -   , $ -   , $ -   , $ -   , $ -   , $ -   , $ -   , $ -   , $ -   , $ -   , $ -   , $ -   , $ -   , $ -   , $ -   , $ -   , $ -   , $ -   , $ -   , $ -   , $ -   , $ -   , $ -   , $ -   , $ -   , $ -   , $ -   , $ -   , $ -   , $ -   , $ -   , $ -   , $ -   , $ -   , $ -   , $ -   , $ -   , $ -   , $ -   , $ -   , $ -   , $ -   , $ -   , $ -   , $ -   , $ -   , $ -   , $ -   ,, $ -   , $ -   , $ -   , $ -   
,"Additional Revenue (Paypal, eBay, etc.)", $ -   , $ -   , $ -   , $ -   , $ -   , $ -   , $ -   , $ -   , $ -   , $ -   , $ -   , $ -   , $ -   , $ -   , $ -   , $ -   , $ -   , $ -   , $ -   , $ -   , $ -   , $ -   , $ -   , $ -   , $ -   , $ -   , $ -   , $ -   , $ -   , $ -   , $ -   , $ -   , $ -   , $ -   , $ -   , $ -   , $ -   , $ -   , $ -   , $ -   , $ -   , $ -   , $ -   , $ -   , $ -   , $ -   , $ -   , $ -   ,, $ -   , $ -   , $ -   , $ -   
,Display Advertising Revenue, $ -   , $ -   , $ -   , $ -   , $ -   , $ -   , $ -   , $ -   , $ -   , $ -   , $ -   , $ -   , $ -   , $ -   , $ -   , $ -   , $ -   , $ -   , $ -   , $ -   , $ -   , $ -   , $ -   , $ -   , $ -   , $ -   , $ -   , $ -   , $ -   , $ -   , $ -   , $ -   , $ -   , $ -   , $ -   , $ -   , $ -   , $ -   , $ -   , $ -   , $ -   , $ -   , $ -   , $ -   , $ -   , $ -   , $ -   , $ -   ,, $ -   , $ -   , $ -   , $ -   
,Affiliate Income, $ -   , $ -   , $ -   , $ -   , $ -   , $ -   , $ -   , $ -   , $ -   , $ -   , $ -   , $ -   , $ -   , $ -   , $ -   , $ -   , $ -   , $ -   , $ -   , $ -   , $ -   , $ -   , $ -   , $ -   , $ -   , $ -   , $ -   , $ -   , $ -   , $ -   , $ -   , $ -   , $ -   , $ -   , $ -   , $ -   , $ -   , $ -   , $ -   , $ -   , $ -   , $ -   , $ -   , $ -   , $ -   , $ -   , $ -   , $ -   ,, $ -   , $ -   , $ -   , $ -   
,TOTAL REVENUE, $ -   , $ -   , $ -   , $ -   , $ -   , $ -   , $ -   , $ -   , $ -   , $ -   , $ -   , $ -   , $ -   , $ -   , $ -   , $ -   , $ -   , $ -   , $ -   , $ -   , $ -   , $ -   , $ -   , $ -   , $ -   , $ -   , $ -   , $ -   , $ -   , $ -   , $ -   , $ -   , $ -   , $ -   , $ -   , $ -   , $ -   , $ -   , $ -   , $ -   , $ -   , $ -   , $ -   , $ -   , $ -   , $ -   , $ -   , $ -   ,, $ -   , $ -   , $ -   , $ -   
,,,,,,,,,,,,,,,,,,,,,,,,,,,,,,,,,,,,,,,,,,,,,,,,,,,,,,
,Cost Of Sales,,,,,,,,,,,,,,,,,,,,,,,,,,,,,,,,,,,,,,,,,,,,,,,,,,,,,
This will only apply where the business has sells a product that has a direct cost associated with a sale.,Paid Traffic - *Name of Advertiser*, $ -   , $ -   , $ -   , $ -   , $ -   , $ -   , $ -   , $ -   , $ -   , $ -   , $ -   , $ -   , $ -   , $ -   , $ -   , $ -   , $ -   , $ -   , $ -   , $ -   , $ -   , $ -   , $ -   , $ -   , $ -   , $ -   , $ -   , $ -   , $ -   , $ -   , $ -   , $ -   , $ -   , $ -   , $ -   , $ -   , $ -   , $ -   , $ -   , $ -   , $ -   , $ -   , $ -   , $ -   , $ -   , $ -   , $ -   , $ -   ,, $ -   , $ -   , $ -   , $ -   
,Cost of Goods Sold (COGS), $ -   , $ -   , $ -   , $ -   , $ -   , $ -   , $ -   , $ -   , $ -   , $ -   , $ -   , $ -   , $ -   , $ -   , $ -   , $ -   , $ -   , $ -   , $ -   , $ -   , $ -   , $ -   , $ -   , $ -   , $ -   , $ -   , $ -   , $ -   , $ -   , $ -   , $ -   , $ -   , $ -   , $ -   , $ -   , $ -   , $ -   , $ -   , $ -   , $ -   , $ -   , $ -   , $ -   , $ -   , $ -   , $ -   , $ -   , $ -   ,, $ -   , $ -   , $ -   , $ -   
,Credit Card Processing Fees, $ -   , $ -   , $ -   , $ -   , $ -   , $ -   , $ -   , $ -   , $ -   , $ -   , $ -   , $ -   , $ -   , $ -   , $ -   , $ -   , $ -   , $ -   , $ -   , $ -   , $ -   , $ -   , $ -   , $ -   , $ -   , $ -   , $ -   , $ -   , $ -   , $ -   , $ -   , $ -   , $ -   , $ -   , $ -   , $ -   , $ -   , $ -   , $ -   , $ -   , $ -   , $ -   , $ -   , $ -   , $ -   , $ -   , $ -   , $ -   ,, $ -   , $ -   , $ -   , $ -   
,PayPal Processing Fees, $ -   , $ -   , $ -   , $ -   , $ -   , $ -   , $ -   , $ -   , $ -   , $ -   , $ -   , $ -   , $ -   , $ -   , $ -   , $ -   , $ -   , $ -   , $ -   , $ -   , $ -   , $ -   , $ -   , $ -   , $ -   , $ -   , $ -   , $ -   , $ -   , $ -   , $ -   , $ -   , $ -   , $ -   , $ -   , $ -   , $ -   , $ -   , $ -   , $ -   , $ -   , $ -   , $ -   , $ -   , $ -   , $ -   , $ -   , $ -   ,, $ -   , $ -   , $ -   , $ -   
,Shipping and Delivery (paid by Merchant to ship goods), $ -   , $ -   , $ -   , $ -   , $ -   , $ -   , $ -   , $ -   , $ -   , $ -   , $ -   , $ -   , $ -   , $ -   , $ -   , $ -   , $ -   , $ -   , $ -   , $ -   , $ -   , $ -   , $ -   , $ -   , $ -   , $ -   , $ -   , $ -   , $ -   , $ -   , $ -   , $ -   , $ -   , $ -   , $ -   , $ -   , $ -   , $ -   , $ -   , $ -   , $ -   , $ -   , $ -   , $ -   , $ -   , $ -   , $ -   , $ -   ,, $ -   , $ -   , $ -   , $ -   
,Total Cost Of Sales, $ -   , $ -   , $ -   , $ -   , $ -   , $ -   , $ -   , $ -   , $ -   , $ -   , $ -   , $ -   , $ -   , $ -   , $ -   , $ -   , $ -   , $ -   , $ -   , $ -   , $ -   , $ -   , $ -   , $ -   , $ -   , $ -   , $ -   , $ -   , $ -   , $ -   , $ -   , $ -   , $ -   , $ -   , $ -   , $ -   , $ -   , $ -   , $ -   , $ -   , $ -   , $ -   , $ -   , $ -   , $ -   , $ -   , $ -   , $ -   ,, $ -   , $ -   , $ -   , $ -   
,,,,,,,,,,,,,,,,,,,,,,,,,,,,,,,,,,,,,,,,,,,,,,,,,,,,,,
,GROSS PROFIT, $ -   , $ -   , $ -   , $ -   , $ -   , $ -   , $ -   , $ -   , $ -   , $ -   , $ -   , $ -   , $ -   , $ -   , $ -   , $ -   , $ -   , $ -   , $ -   , $ -   , $ -   , $ -   , $ -   , $ -   , $ -   , $ -   , $ -   , $ -   , $ -   , $ -   , $ -   , $ -   , $ -   , $ -   , $ -   , $ -   , $ -   , $ -   , $ -   , $ -   , $ -   , $ -   , $ -   , $ -   , $ -   , $ -   , $ -   , $ -   ,, $ -   , $ -   , $ -   , $ -   
,,,,,,,,,,,,,,,,,,,,,,,,,,,,,,,,,,,,,,,,,,,,,,,,,,,,,,
,Operating Expenses,,,,,,,,,,,,,,,,,,,,,,,,,,,,,,,,,,,,,,,,,,,,,,,,,,,,,
Please breakdown all costs. Make sure you include everything related to the running of the business and ensure everything listed is properly verifiable. Change field descriptions where appropriate.,Chargebacks, $ -   , $ -   , $ -   , $ -   , $ -   , $ -   , $ -   , $ -   , $ -   , $ -   , $ -   , $ -   , $ -   , $ -   , $ -   , $ -   , $ -   , $ -   , $ -   , $ -   , $ -   , $ -   , $ -   , $ -   , $ -   , $ -   , $ -   , $ -   , $ -   , $ -   , $ -   , $ -   , $ -   , $ -   , $ -   , $ -   , $ -   , $ -   , $ -   , $ -   , $ -   , $ -   , $ -   , $ -   , $ -   , $ -   , $ -   , $ -   ,, $ -   , $ -   , $ -   , $ -   
,Hosting, $ -   , $ -   , $ -   , $ -   , $ -   , $ -   , $ -   , $ -   , $ -   , $ -   , $ -   , $ -   , $ -   , $ -   , $ -   , $ -   , $ -   , $ -   , $ -   , $ -   , $ -   , $ -   , $ -   , $ -   , $ -   , $ -   , $ -   , $ -   , $ -   , $ -   , $ -   , $ -   , $ -   , $ -   , $ -   , $ -   , $ -   , $ -   , $ -   , $ -   , $ -   , $ -   , $ -   , $ -   , $ -   , $ -   , $ -   , $ -   ,, $ -   , $ -   , $ -   , $ -   
,Domains, $ -   , $ -   , $ -   , $ -   , $ -   , $ -   , $ -   , $ -   , $ -   , $ -   , $ -   , $ -   , $ -   , $ -   , $ -   , $ -   , $ -   , $ -   , $ -   , $ -   , $ -   , $ -   , $ -   , $ -   , $ -   , $ -   , $ -   , $ -   , $ -   , $ -   , $ -   , $ -   , $ -   , $ -   , $ -   , $ -   , $ -   , $ -   , $ -   , $ -   , $ -   , $ -   , $ -   , $ -   , $ -   , $ -   , $ -   , $ -   ,, $ -   , $ -   , $ -   , $ -   
,Contractors, $ -   , $ -   , $ -   , $ -   , $ -   , $ -   , $ -   , $ -   , $ -   , $ -   , $ -   , $ -   , $ -   , $ -   , $ -   , $ -   , $ -   , $ -   , $ -   , $ -   , $ -   , $ -   , $ -   , $ -   , $ -   , $ -   , $ -   , $ -   , $ -   , $ -   , $ -   , $ -   , $ -   , $ -   , $ -   , $ -   , $ -   , $ -   , $ -   , $ -   , $ -   , $ -   , $ -   , $ -   , $ -   , $ -   , $ -   , $ -   ,, $ -   , $ -   , $ -   , $ -   
,Software, $ -   , $ -   , $ -   , $ -   , $ -   , $ -   , $ -   , $ -   , $ -   , $ -   , $ -   , $ -   , $ -   , $ -   , $ -   , $ -   , $ -   , $ -   , $ -   , $ -   , $ -   , $ -   , $ -   , $ -   , $ -   , $ -   , $ -   , $ -   , $ -   , $ -   , $ -   , $ -   , $ -   , $ -   , $ -   , $ -   , $ -   , $ -   , $ -   , $ -   , $ -   , $ -   , $ -   , $ -   , $ -   , $ -   , $ -   , $ -   ,, $ -   , $ -   , $ -   , $ -   
,SEO, $ -   , $ -   , $ -   , $ -   , $ -   , $ -   , $ -   , $ -   , $ -   , $ -   , $ -   , $ -   , $ -   , $ -   , $ -   , $ -   , $ -   , $ -   , $ -   , $ -   , $ -   , $ -   , $ -   , $ -   , $ -   , $ -   , $ -   , $ -   , $ -   , $ -   , $ -   , $ -   , $ -   , $ -   , $ -   , $ -   , $ -   , $ -   , $ -   , $ -   , $ -   , $ -   , $ -   , $ -   , $ -   , $ -   , $ -   , $ -   ,, $ -   , $ -   , $ -   , $ -   
,Content, $ -   , $ -   , $ -   , $ -   , $ -   , $ -   , $ -   , $ -   , $ -   , $ -   , $ -   , $ -   , $ -   , $ -   , $ -   , $ -   , $ -   , $ -   , $ -   , $ -   , $ -   , $ -   , $ -   , $ -   , $ -   , $ -   , $ -   , $ -   , $ -   , $ -   , $ -   , $ -   , $ -   , $ -   , $ -   , $ -   , $ -   , $ -   , $ -   , $ -   , $ -   , $ -   , $ -   , $ -   , $ -   , $ -   , $ -   , $ -   ,, $ -   , $ -   , $ -   , $ -   
,Web Design and Programming Expense, $ -   , $ -   , $ -   , $ -   , $ -   , $ -   , $ -   , $ -   , $ -   , $ -   , $ -   , $ -   , $ -   , $ -   , $ -   , $ -   , $ -   , $ -   , $ -   , $ -   , $ -   , $ -   , $ -   , $ -   , $ -   , $ -   , $ -   , $ -   , $ -   , $ -   , $ -   , $ -   , $ -   , $ -   , $ -   , $ -   , $ -   , $ -   , $ -   , $ -   , $ -   , $ -   , $ -   , $ -   , $ -   , $ -   , $ -   , $ -   ,, $ -   , $ -   , $ -   , $ -   
,Affiliate Program (Payout), $ -   , $ -   , $ -   , $ -   , $ -   , $ -   , $ -   , $ -   , $ -   , $ -   , $ -   , $ -   , $ -   , $ -   , $ -   , $ -   , $ -   , $ -   , $ -   , $ -   , $ -   , $ -   , $ -   , $ -   , $ -   , $ -   , $ -   , $ -   , $ -   , $ -   , $ -   , $ -   , $ -   , $ -   , $ -   , $ -   , $ -   , $ -   , $ -   , $ -   , $ -   , $ -   , $ -   , $ -   , $ -   , $ -   , $ -   , $ -   ,, $ -   , $ -   , $ -   , $ -   
,Employees, $ -   , $ -   , $ -   , $ -   , $ -   , $ -   , $ -   , $ -   , $ -   , $ -   , $ -   , $ -   , $ -   , $ -   , $ -   , $ -   , $ -   , $ -   , $ -   , $ -   , $ -   , $ -   , $ -   , $ -   , $ -   , $ -   , $ -   , $ -   , $ -   , $ -   , $ -   , $ -   , $ -   , $ -   , $ -   , $ -   , $ -   , $ -   , $ -   , $ -   , $ -   , $ -   , $ -   , $ -   , $ -   , $ -   , $ -   , $ -   ,, $ -   , $ -   , $ -   , $ -   
,Other, $ -   , $ -   , $ -   , $ -   , $ -   , $ -   , $ -   , $ -   , $ -   , $ -   , $ -   , $ -   , $ -   , $ -   , $ -   , $ -   , $ -   , $ -   , $ -   , $ -   , $ -   , $ -   , $ -   , $ -   , $ -   , $ -   , $ -   , $ -   , $ -   , $ -   , $ -   , $ -   , $ -   , $ -   , $ -   , $ -   , $ -   , $ -   , $ -   , $ -   , $ -   , $ -   , $ -   , $ -   , $ -   , $ -   , $ -   , $ -   ,, $ -   , $ -   , $ -   , $ -   
,Total Operating Expenses, $ -   , $ -   , $ -   , $ -   , $ -   , $ -   , $ -   , $ -   , $ -   , $ -   , $ -   , $ -   , $ -   , $ -   , $ -   , $ -   , $ -   , $ -   , $ -   , $ -   , $ -   , $ -   , $ -   , $ -   , $ -   , $ -   , $ -   , $ -   , $ -   , $ -   , $ -   , $ -   , $ -   , $ -   , $ -   , $ -   , $ -   , $ -   , $ -   , $ -   , $ -   , $ -   , $ -   , $ -   , $ -   , $ -   , $ -   , $ -   ,, $ -   , $ -   , $ -   , $ -   
,,,,,,,,,,,,,,,,,,,,,,,,,,,,,,,,,,,,,,,,,,,,,,,,,,,,,,
,TOTAL EXPENSES, $ -   , $ -   , $ -   , $ -   , $ -   , $ -   , $ -   , $ -   , $ -   , $ -   , $ -   , $ -   , $ -   , $ -   , $ -   , $ -   , $ -   , $ -   , $ -   , $ -   , $ -   , $ -   , $ -   , $ -   , $ -   , $ -   , $ -   , $ -   , $ -   , $ -   , $ -   , $ -   , $ -   , $ -   , $ -   , $ -   , $ -   , $ -   , $ -   , $ -   , $ -   , $ -   , $ -   , $ -   , $ -   , $ -   , $ -   , $ -   ,, $ -   , $ -   , $ -   , $ -   
,,,,,,,,,,,,,,,,,,,,,,,,,,,,,,,,,,,,,,,,,,,,,,,,,,,,,,
," Add Backs (Discretionary Spending, not required) ",,,,,,,,,,,,,,,,,,,,,,,,,,,,,,,,,,,,,,,,,,,,,,,,,,,,,
, Discretionary Spending #1 , $ -   , $ -   , $ -   , $ -   , $ -   , $ -   , $ -   , $ -   , $ -   , $ -   , $ -   , $ -   , $ -   , $ -   , $ -   , $ -   , $ -   , $ -   , $ -   , $ -   , $ -   , $ -   , $ -   , $ -   , $ -   , $ -   , $ -   , $ -   , $ -   , $ -   , $ -   , $ -   , $ -   , $ -   , $ -   , $ -   , $ -   , $ -   , $ -   , $ -   , $ -   , $ -   , $ -   , $ -   , $ -   , $ -   , $ -   , $ -   ,, $ -   , $ -   , $ -   , $ -   
, Discretionary Spending #2 , $ -   , $ -   , $ -   , $ -   , $ -   , $ -   , $ -   , $ -   , $ -   , $ -   , $ -   , $ -   , $ -   , $ -   , $ -   , $ -   , $ -   , $ -   , $ -   , $ -   , $ -   , $ -   , $ -   , $ -   , $ -   , $ -   , $ -   , $ -   , $ -   , $ -   , $ -   , $ -   , $ -   , $ -   , $ -   , $ -   , $ -   , $ -   , $ -   , $ -   , $ -   , $ -   , $ -   , $ -   , $ -   , $ -   , $ -   , $ -   ,, $ -   , $ -   , $ -   , $ -   
, Discretionary Spending #3 , $ -   , $ -   , $ -   , $ -   , $ -   , $ -   , $ -   , $ -   , $ -   , $ -   , $ -   , $ -   , $ -   , $ -   , $ -   , $ -   , $ -   , $ -   , $ -   , $ -   , $ -   , $ -   , $ -   , $ -   , $ -   , $ -   , $ -   , $ -   , $ -   , $ -   , $ -   , $ -   , $ -   , $ -   , $ -   , $ -   , $ -   , $ -   , $ -   , $ -   , $ -   , $ -   , $ -   , $ -   , $ -   , $ -   , $ -   , $ -   ,, $ -   , $ -   , $ -   , $ -   
, Discretionary Spending #4 , $ -   , $ -   , $ -   , $ -   , $ -   , $ -   , $ -   , $ -   , $ -   , $ -   , $ -   , $ -   , $ -   , $ -   , $ -   , $ -   , $ -   , $ -   , $ -   , $ -   , $ -   , $ -   , $ -   , $ -   , $ -   , $ -   , $ -   , $ -   , $ -   , $ -   , $ -   , $ -   , $ -   , $ -   , $ -   , $ -   , $ -   , $ -   , $ -   , $ -   , $ -   , $ -   , $ -   , $ -   , $ -   , $ -   , $ -   , $ -   ,, $ -   , $ -   , $ -   , $ -   
, Discretionary Spending #5 , $ -   , $ -   , $ -   , $ -   , $ -   , $ -   , $ -   , $ -   , $ -   , $ -   , $ -   , $ -   , $ -   , $ -   , $ -   , $ -   , $ -   , $ -   , $ -   , $ -   , $ -   , $ -   , $ -   , $ -   , $ -   , $ -   , $ -   , $ -   , $ -   , $ -   , $ -   , $ -   , $ -   , $ -   , $ -   , $ -   , $ -   , $ -   , $ -   , $ -   , $ -   , $ -   , $ -   , $ -   , $ -   , $ -   , $ -   , $ -   ,, $ -   , $ -   , $ -   , $ -   
, Total Add Back Expenses , $ -   , $ -   , $ -   , $ -   , $ -   , $ -   , $ -   , $ -   , $ -   , $ -   , $ -   , $ -   , $ -   , $ -   , $ -   , $ -   , $ -   , $ -   , $ -   , $ -   , $ -   , $ -   , $ -   , $ -   , $ -   , $ -   , $ -   , $ -   , $ -   , $ -   , $ -   , $ -   , $ -   , $ -   , $ -   , $ -   , $ -   , $ -   , $ -   , $ -   , $ -   , $ -   , $ -   , $ -   , $ -   , $ -   , $ -   , $ -   ,, $ -   , $ -   , $ -   , $ -   
,,,,,,,,,,,,,,,,,,,,,,,,,,,,,,,,,,,,,,,,,,,,,,,,,,,,,,
, EXPENSES AFTER ADD BACKS , $ -   , $ -   , $ -   , $ -   , $ -   , $ -   , $ -   , $ -   , $ -   , $ -   , $ -   , $ -   , $ -   , $ -   , $ -   , $ -   , $ -   , $ -   , $ -   , $ -   , $ -   , $ -   , $ -   , $ -   , $ -   , $ -   , $ -   , $ -   , $ -   , $ -   , $ -   , $ -   , $ -   , $ -   , $ -   , $ -   , $ -   , $ -   , $ -   , $ -   , $ -   , $ -   , $ -   , $ -   , $ -   , $ -   , $ -   , $ -   ,, $ -   , $ -   , $ -   , $ -   
,,,,,,,,,,,,,,,,,,,,,,,,,,,,,,,,,,,,,,,,,,,,,,,,,,,,,,
,NET INCOME, $ -   , $ -   , $ -   , $ -   , $ -   , $ -   , $ -   , $ -   , $ -   , $ -   , $ -   , $ -   , $ -   , $ -   , $ -   , $ -   , $ -   , $ -   , $ -   , $ -   , $ -   , $ -   , $ -   , $ -   , $ -   , $ -   , $ -   , $ -   , $ -   , $ -   , $ -   , $ -   , $ -   , $ -   , $ -   , $ -   , $ -   , $ -   , $ -   , $ -   , $ -   , $ -   , $ -   , $ -   , $ -   , $ -   , $ -   , $ -   ,, $ -   , $ -   , $ -   , $ -   
,,,,,,,,,,,,,,,,,,,,,,,,,,,,,,,,,,,,,,,,,,,,,,,,,,,,,,
,TRAFFIC - GA-UA,,,,,,,,,,,,,,,,,,,,,,,,,,,,,,,,,,,,,,,,,,,,,,,,,,,,,
, Pageviews ,0,0,0,0,0,0,0,0,0,0,0,0,0,0,0,0,0,0,0,0,0,0,0,0,0,0,0,0,0,0,0,0,0,0,0,0,0,0,0,0,0,0,0,0,0,0,0,0,,0,0,0,0
, Users ,0,0,0,0,0,0,0,0,0,0,0,0,0,0,0,0,0,0,0,0,0,0,0,0,0,0,0,0,0,0,0,0,0,0,0,0,0,0,0,0,0,0,0,0,0,0,0,0,,0,0,0,0
,,,,,,,,,,,,,,,,,,,,,,,,,,,,,,,,,,,,,,,,,,,,,,,,,,,,,,
,TRAFFIC - GA-V4,,,,,,,,,,,,,,,,,,,,,,,,,,,,,,,,,,,,,,,,,,,,,,,,,,,,,
, Pageviews ,0,0,0,0,0,0,0,0,0,0,0,0,0,0,0,0,0,0,0,0,0,0,0,0,0,0,0,0,0,0,0,0,0,0,0,0,0,0,0,0,0,0,0,0,0,0,0,0,,0,0,0,0
, Users ,0,0,0,0,0,0,0,0,0,0,0,0,0,0,0,0,0,0,0,0,0,0,0,0,0,0,0,0,0,0,0,0,0,0,0,0,0,0,0,0,0,0,0,0,0,0,0,0,,0,0,0,0
,,,,,,,,,,,,,,,,,,,,,,,,,,,,,,,,,,,,,,,,,,,,,,,,,,,,,,
,TACoS (Past 12 months Ending),#REF!,#REF!,#REF!,#REF!,#REF!,#REF!,#REF!,#REF!,#REF!,#DIV/0!,#DIV/0!,#DIV/0!,#DIV/0!,#DIV/0!,#DIV/0!,#DIV/0!,#DIV/0!,#DIV/0!,#DIV/0!,#DIV/0!,#DIV/0!,#DIV/0!,#DIV/0!,#DIV/0!,#DIV/0!,#DIV/0!,#DIV/0!,#DIV/0!,#DIV/0!,#DIV/0!,#DIV/0!,#DIV/0!,#DIV/0!,#DIV/0!,#DIV/0!,#DIV/0!,#DIV/0!,#DIV/0!,#DIV/0!,#DIV/0!,#DIV/0!,#DIV/0!,#DIV/0!,#DIV/0!,#DIV/0!,#DIV/0!,#DIV/0!,#DIV/0!,,#DIV/0!,#DIV/0!,#DIV/0!,#DIV/0!
,Revenue Growth (12 months Ending),#REF!,#REF!,#REF!,#REF!,#REF!,#REF!,#REF!,#REF!,#REF!,#REF!,#REF!,#REF!,#REF!,#REF!,#REF!,#REF!,#REF!,#REF!,#REF!,#REF!,#REF!,#DIV/0!,#DIV/0!,#DIV/0!,#DIV/0!,#DIV/0!,#DIV/0!,#DIV/0!,#DIV/0!,#DIV/0!,#DIV/0!,#DIV/0!,#DIV/0!,#DIV/0!,#DIV/0!,#DIV/0!,#DIV/0!,#DIV/0!,#DIV/0!,#DIV/0!,#DIV/0!,#DIV/0!,#DIV/0!,#DIV/0!,#DIV/0!,#DIV/0!,#DIV/0!,#DIV/0!,,#DIV/0!,#DIV/0!,#DIV/0!,#DIV/0!
,COGS (Past 12 months Ending),#REF!,#REF!,#REF!,#REF!,#REF!,#REF!,#REF!,#REF!,#REF!,#DIV/0!,#DIV/0!,#DIV/0!,#DIV/0!,#DIV/0!,#DIV/0!,#DIV/0!,#DIV/0!,#DIV/0!,#DIV/0!,#DIV/0!,#DIV/0!,#DIV/0!,#DIV/0!,#DIV/0!,#DIV/0!,#DIV/0!,#DIV/0!,#DIV/0!,#DIV/0!,#DIV/0!,#DIV/0!,#DIV/0!,#DIV/0!,#DIV/0!,#DIV/0!,#DIV/0!,#DIV/0!,#DIV/0!,#DIV/0!,#DIV/0!,#DIV/0!,#DIV/0!,#DIV/0!,#DIV/0!,#DIV/0!,#DIV/0!,#DIV/0!,#DIV/0!,,#DIV/0!,#DIV/0!,#DIV/0!,#DIV/0!
,Net Profit Margin (Past 12 months Ending),#REF!,#REF!,#REF!,#REF!,#REF!,#REF!,#REF!,#REF!,#REF!,#DIV/0!,#DIV/0!,#DIV/0!,#DIV/0!,#DIV/0!,#DIV/0!,#DIV/0!,#DIV/0!,#DIV/0!,#DIV/0!,#DIV/0!,#DIV/0!,#DIV/0!,#DIV/0!,#DIV/0!,#DIV/0!,#DIV/0!,#DIV/0!,#DIV/0!,#DIV/0!,#DIV/0!,#DIV/0!,#DIV/0!,#DIV/0!,#DIV/0!,#DIV/0!,#DIV/0!,#DIV/0!,#DIV/0!,#DIV/0!,#DIV/0!,#DIV/0!,#DIV/0!,#DIV/0!,#DIV/0!,#DIV/0!,#DIV/0!,#DIV/0!,#DIV/0!,,#DIV/0!,#DIV/0!,#DIV/0!,#DIV/0!
,Net Profit Margin (Current Month),,,,,,,,,,,,,#DIV/0!,#DIV/0!,#DIV/0!,#DIV/0!,#DIV/0!,#DIV/0!,#DIV/0!,#DIV/0!,#DIV/0!,#DIV/0!,#DIV/0!,#DIV/0!,#DIV/0!,#DIV/0!,#DIV/0!,#DIV/0!,#DIV/0!,#DIV/0!,#DIV/0!,#DIV/0!,#DIV/0!,#DIV/0!,#DIV/0!,#DIV/0!,#DIV/0!,#DIV/0!,#DIV/0!,#DIV/0!,#DIV/0!,#DIV/0!,#DIV/0!,#DIV/0!,#DIV/0!,#DIV/0!,#DIV/0!,#DIV/0!,,#DIV/0!,#DIV/0!,#DIV/0!,#DIV/0!
,,,,,,,,,,,,,,,,,,,,,,,,,,,,,,,,,,,,,,,,,,,,,,,,,,,,,,
,,,,,,,,,,,,,,,,,,,,,,,,,,,,,,,,,,,,,,,,,,,,,,,,,,,,,,
,Estimated Inventory Value,,,,,,,,,,,,,,,,,,,,,,,,,,,,,,,,,,,,,,,,,,,,,,,,,,,,,
,,,,,,,,,,,,,,,,,,,,,,,,,,,,,,,,,,,,,,,,,,,,,,,,,,,,,,
,Date Last Updated,,,,,,,,,,,,,,,,,,,,,,,,,,,,,,,,,,,,,,,,,,,,,,,,,,,,,